,char,freq
0,_,0
1,<s>,0
2,</s>,0
3, ,5774006
4,그,556373
5,이,509291
6,는,374559
7,아,370444
8,가,369698
9,고,356378
10,어,333842
11,거,306987
12,지,276453
13,데,249269
14,?,235024
15,나,229646
16,하,226136
17,다,221216
18,서,211193
19,에,204330
20,도,190561
21,게,177140
22,니,173284
23,기,149467
24,은,144674
25,면,142025
26,야,137553
27,있,133155
28,한,121564
29,을,121048
30,까,119483
31,해,115148
32,리,111855
33,라,111479
34,래,105784
35,사,100533
36,근,99781
37,들,99447
38,안,97043
39,로,91850
40,일,88319
41,뭐,87328
42,내,85968
43,보,82911
44,제,80874
45,같,79626
46,자,76298
47,만,76093
48,시,72836
49,런,70919
50,너,69192
51,대,68756
52,때,67179
53,되,66237
54,으,66106
55,진,62831
56,를,61802
57,잖,61455
58,오,60782
59,러,60629
60,인,60234
61,막,59994
62,무,58705
63,었,58385
64,구,57294
65,했,57209
66,수,56787
67,간,55275
68,애,54476
69,우,53539
70,요,53234
71,마,53125
72,생,52815
73,렇,50798
74,냥,49989
75,짜,49581
76,주,48969
77,없,48392
78,말,47929
79,학,46285
80,스,46225
81,더,44487
82,많,43607
83,원,41379
84,음,41348
85,정,39775
86,겠,39691
87,여,39203
88,먹,39194
89,금,38720
90,든,38476
91,부,38398
92,할,38262
93,전,36575
94,번,36375
95,좋,36363
96,랑,36081
97,네,35514
98,람,33799
99,약,33412
100,건,33371
101,각,32167
102,좀,31738
103,알,30893
104,잘,30132
105,걸,29634
106,모,29629
107,것,28482
108,상,28247
109,려,28218
110,장,27856
111,히,27705
112,않,27305
113,맞,27202
114,던,27082
115,르,26286
116,교,26116
117,바,25994
118,냐,25742
119,드,25702
120,십,25654
121,날,25556
122,치,25287
123,비,25278
124,단,25129
125,동,25047
126,또,24720
127,못,24528
128,저,24074
129,얘,23990
130,중,23851
131,의,23607
132,난,23318
133,엄,23057
134,봤,22930
135,걔,22732
136,화,22593
137,응,22254
138,싶,21756
139,갔,21628
140,았,21052
141,집,20850
142,왜,20801
143,계,20757
144,공,20620
145,긴,20547
146,신,20371
147,적,20244
148,연,20225
149,직,20061
150,실,19467
151,영,19454
152,미,19444
153,봐,18931
154,분,18893
155,테,18829
156,년,18669
157,트,18651
158,문,18230
159,와,18114
160,돼,18028
161,물,17889
162,예,17864
163,터,17722
164,세,17719
165,럼,17521
166,청,17479
167,차,17455
168,친,17355
169,개,17355
170,삼,17242
171,국,17224
172,두,17129
173,소,17125
174,살,16893
175,재,16635
176,운,15949
177,쫌,15780
178,유,15516
179,속,15255
180,명,15190
181,랬,15155
182,본,15148
183,갈,15084
184,방,15069
185,돈,14998
186,타,14919
187,처,14908
188,빠,14851
189,과,14843
190,식,14743
191,디,14633
192,배,14403
193,피,14093
194,뭔,14093
195,선,13929
196,남,13909
197,경,13868
198,달,13787
199,언,13579
200,받,13519
201,심,13409
202,월,13367
203,버,13339
204,왔,13265
205,느,13223
206,점,12960
207,올,12923
208,업,12861
209,른,12801
210,성,12717
211,회,12591
212,조,12570
213,워,12424
214,따,12410
215,행,12350
216,반,12158
217,님,11998
218,딱,11908
219,관,11828
220,입,11275
221,카,11235
222,당,11068
223,였,10977
224,케,10576
225,쪽,10430
226,천,10384
227,작,10381
228,누,10336
229,열,10252
230,얼,10250
231,울,10246
232,찮,10231
233,된,10191
234,별,10159
235,떻,10108
236,머,9876
237,쓰,9853
238,위,9841
239,크,9838
240,노,9799
241,괜,9735
242,강,9698
243,편,9668
244,몰,9623
245,맛,9382
246,준,9342
247,줄,9294
248,파,9282
249,백,9252
250,매,9181
251,산,9160
252,술,9142
253,힘,9056
254,프,9022
255,즘,8997
256,임,8969
257,체,8888
258,형,8790
259,몇,8742
260,맨,8712
261,새,8623
262,용,8571
263,키,8547
264,통,8410
265,양,8363
266,끝,8361
267,싸,8328
268,볼,8188
269,혼,8179
270,온,8132
271,등,8123
272,길,8067
273,될,8033
274,밌,7998
275,육,7924
276,늘,7909
277,슨,7835
278,됐,7738
279,놀,7707
280,외,7608
281,팔,7601
282,져,7551
283,레,7485
284,억,7461
285,발,7450
286,결,7412
287,초,7290
288,감,7180
289,군,7174
290,호,7173
291,름,7146
292,솔,7079
293,닌,7051
294,밖,7013
295,불,7007
296,밥,6784
297,포,6676
298,싫,6631
299,완,6582
300,갖,6511
301,겨,6468
302,질,6453
303,토,6448
304,험,6417
305,색,6371
306,떤,6352
307,역,6340
308,티,6319
309,갑,6316
310,목,6262
311,린,6256
312,추,6204
313,격,6174
314,후,6119
315,확,6095
316,루,6079
317,민,6024
318,끼,6023
319,칠,6019
320,돌,5997
321,찍,5956
322,쪼,5946
323,깐,5788
324,필,5786
325,빨,5693
326,났,5657
327,락,5561
328,박,5537
329,끔,5483
330,낌,5403
331,럴,5397
332,취,5344
333,복,5315
334,둘,5264
335,페,5217
336,렸,5198
337,써,5197
338,줘,5173
339,급,5067
340,력,5065
341,잡,5030
342,씩,5006
343,찾,4990
344,놓,4987
345,최,4894
346,코,4891
347,넘,4870
348,졌,4803
349,섯,4799
350,브,4793
351,현,4764
352,눈,4760
353,항,4751
354,귀,4708
355,설,4688
356,벌,4666
357,담,4647
358,앞,4640
359,책,4630
360,절,4629
361,플,4523
362,폰,4513
363,태,4496
364,종,4487
365,옛,4450
366,증,4413
367,튼,4411
368,글,4408
369,습,4383
370,병,4377
371,론,4373
372,출,4364
373,능,4354
374,침,4345
375,순,4339
376,줬,4308
377,평,4303
378,메,4287
379,똑,4281
380,커,4261
381,엔,4248
382,꾸,4230
383,란,4194
384,듣,4083
385,씨,4009
386,큰,4002
387,표,3995
388,잠,3942
389,먼,3942
390,쁘,3840
391,활,3820
392,합,3787
393,접,3732
394,럽,3722
395,옷,3705
396,쳐,3690
397,손,3689
398,붙,3645
399,망,3640
400,죽,3609
401,투,3606
402,족,3603
403,셨,3589
404,참,3572
405,떨,3567
406,웃,3533
407,졸,3516
408,쉬,3492
409,뭘,3447
410,변,3406
411,릴,3374
412,웠,3293
413,홍,3267
414,즈,3265
415,랐,3245
416,독,3243
417,충,3239
418,짝,3217
419,떡,3197
420,뒤,3195
421,휴,3161
422,셔,3142
423,넣,3135
424,쨌,3075
425,악,3073
426,패,3049
427,빼,3041
428,슬,2983
429,특,2975
430,꺼,2970
431,숙,2951
432,쯤,2934
433,텐,2905
434,창,2901
435,겼,2888
436,굴,2869
437,판,2863
438,죠,2851
439,답,2820
440,희,2816
441,허,2815
442,옆,2798
443,료,2791
444,닐,2790
445,택,2769
446,림,2760
447,읽,2742
448,핸,2733
449,축,2730
450,풀,2716
451,틀,2712
452,몸,2694
453,골,2690
454,황,2635
455,켜,2635
456,익,2625
457,베,2613
458,북,2600
459,법,2578
460,늦,2578
461,함,2568
462,랜,2555
463,꼬,2555
464,향,2547
465,석,2541
466,환,2533
467,슷,2529
468,품,2518
469,혀,2513
470,블,2512
471,쓸,2503
472,채,2472
473,며,2470
474,욕,2463
475,권,2450
476,검,2445
477,굳,2428
478,록,2425
479,톡,2408
480,김,2408
481,넌,2383
482,깨,2375
483,션,2374
484,캐,2369
485,송,2339
486,녀,2336
487,탈,2327
488,광,2321
489,혹,2313
490,퍼,2297
491,뽑,2278
492,철,2265
493,째,2249
494,움,2232
495,밤,2231
496,꼭,2226
497,샀,2224
498,끊,2212
499,땐,2203
500,깔,2179
501,멀,2145
502,높,2141
503,께,2140
504,큼,2121
505,녁,2104
506,곳,2082
507,잔,2070
508,쉽,2070
509,짐,2067
510,암,2063
511,극,2061
512,련,2056
513,떠,2056
514,벽,2049
515,헤,2047
516,C,2040
517,끄,2024
518,곱,2015
519,승,2011
520,봉,2009
521,착,2006
522,촌,1990
523,껴,1986
524,딩,1983
525,류,1978
526,뜨,1970
527,넷,1941
528,놨,1922
529,궁,1894
530,논,1882
531,곤,1875
532,클,1869
533,싼,1859
534,앉,1854
535,컴,1849
536,맥,1841
537,팀,1830
538,썼,1818
539,낫,1801
540,튜,1788
541,걱,1786
542,쁜,1770
543,킨,1760
544,빌,1752
545,쿠,1748
546,찌,1738
547,쌤,1719
548,T,1715
549,밀,1711
550,빵,1702
551,냈,1702
552,센,1688
553,딴,1688
554,쩌,1678
555,딸,1678
556,걍,1596
557,획,1588
558,씬,1582
559,챙,1541
560,첫,1536
561,범,1530
562,핑,1519
563,굉,1519
564,쩔,1514
565,팅,1507
566,긍,1486
567,탄,1471
568,덟,1470
569,퇴,1469
570,뛰,1469
571,층,1467
572,춰,1454
573,훨,1447
574,찬,1439
575,듯,1424
576,S,1396
577,왕,1392
578,텔,1385
579,뉴,1382
580,렌,1377
581,탕,1374
582,짓,1371
583,밑,1365
584,헬,1358
585,존,1339
586,립,1323
587,녔,1318
588,꼈,1305
589,빡,1304
590,낮,1287
591,견,1282
592,링,1281
593,볶,1271
594,낙,1271
595,릭,1267
596,젠,1263
597,퓨,1262
598,츠,1256
599,맘,1252
600,놔,1247
601,렵,1241
602,땜,1232
603,쇼,1224
604,값,1215
605,닭,1203
606,깝,1200
607,픈,1194
608,탁,1183
609,쓴,1179
610,농,1172
611,량,1166
612,염,1156
613,홉,1144
614,척,1130
615,겁,1129
616,콘,1127
617,섭,1125
618,냄,1125
619,P,1125
620,효,1124
621,규,1124
622,꿈,1121
623,곡,1093
624,액,1090
625,쎄,1077
626,덜,1075
627,턴,1065
628,킹,1061
629,훈,1057
630,쳤,1054
631,널,1047
632,멋,1037
633,꿀,1034
634,깜,1019
635,짧,1014
636,롤,1013
637,낼,1012
638,꽤,1003
639,총,984
640,램,984
641,덕,980
642,믄,974
643,믿,972
644,흥,970
645,롱,967
646,뜻,962
647,짤,958
648,쌍,957
649,컨,953
650,셋,952
651,잤,950
652,닥,950
653,웬,946
654,엽,944
655,혜,939
656,찰,935
657,뻐,935
658,뿌,934
659,빈,934
660,꿔,934
661,낸,932
662,뻔,928
663,쌓,926
664,즐,919
665,튀,914
666,겹,909
667,득,899
668,끌,896
669,M,880
670,V,877
671,녹,876
672,푸,870
673,쭉,863
674,싱,858
675,팬,857
676,A,854
677,!,841
678,념,836
679,맡,825
680,쟁,814
681,엑,810
682,켓,809
683,뀌,808
684,털,803
685,풍,802
686,웨,799
687,땡,792
688,롯,791
689,롭,788
690,젊,781
691,넓,778
692,멘,777
693,냉,772
694,칼,771
695,잉,768
696,빙,768
697,뿐,767
698,옮,761
699,젤,760
700,B,757
701,죄,756
702,탔,752
703,샤,746
704,홀,745
705,떼,743
706,줌,738
707,징,734
708,폭,727
709,G,721
710,킬,713
711,흔,712
712,딜,711
713,슈,703
714,율,700
715,즌,697
716,씀,694
717,앙,689
718,눠,688
719,콩,686
720,얻,684
721,숨,682
722,닝,673
723,꽃,668
724,쌀,667
725,컬,666
726,춤,666
727,c,664
728,뚫,663
729,엠,661
730,몬,659
731,D,658
732,흐,656
733,앤,646
734,똥,645
735,콜,644
736,델,635
737,렀,628
738,폐,627
739,엘,624
740,쁠,623
741,랄,622
742,걘,621
743,벤,619
744,봄,611
745,왠,609
746,씻,609
747,률,608
748,켰,600
749,짱,600
750,웹,599
751,압,599
752,럭,596
753,땅,596
754,멍,595
755,랩,595
756,댓,595
757,깊,595
758,뮤,592
759,령,590
760,릿,589
761,낀,589
762,윤,586
763,옥,584
764,룸,582
765,딘,579
766,객,578
767,댄,576
768,컵,574
769,폴,573
770,쟤,570
771,뷰,569
772,템,568
773,덴,567
774,눌,559
775,캠,558
776,홈,557
777,삶,557
778,삭,555
779,벨,555
780,엉,552
781,헐,549
782,벅,545
783,벗,544
784,혈,543
785,밍,539
786,셀,536
787,낭,534
788,춥,533
789,릉,533
790,t,533
791,잃,532
792,I,529
793,놈,526
794,춘,524
795,찜,520
796,R,519
797,걷,518
798,삐,515
799,헌,510
800,딨,510
801,빛,504
802,흘,503
803,닫,502
804,균,502
805,p,495
806,L,494
807,좌,492
808,껄,491
809,펜,489
810,N,487
811,싹,486
812,탑,485
813,쏘,483
814,O,482
815,픽,480
816,덩,477
817,햄,476
818,큐,473
819,힐,472
820,곧,471
821,낳,470
822,힌,468
823,팩,468
824,뒷,468
825,툰,467
826,섬,465
827,꽂,463
828,례,462
829,핫,460
830,섞,460
831,촬,458
832,흰,457
833,둥,455
834,K,450
835,괴,449
836,s,448
837,핀,446
838,꿨,444
839,틱,441
840,밝,441
841,랙,440
842,땠,440
843,둔,440
844,슴,439
845,첨,438
846,밴,432
847,렁,431
848,칭,429
849,묻,428
850,뜬,425
851,깎,424
852,엇,423
853,컸,421
854,퀴,420
855,납,418
856,협,417
857,몽,416
858,꼐,415
859,떴,414
860,썰,410
861,찐,407
862,꼴,407
863,갠,406
864,턱,405
865,틴,398
866,낄,398
867,뒀,397
868,끗,396
869,꼼,395
870,F,395
871,샵,394
872,휘,392
873,뼈,390
874,뚜,389
875,쩍,388
876,팡,386
877,멜,386
878,톤,385
879,앨,385
880,탐,384
881,칸,384
882,끓,383
883,뚱,381
884,닮,378
885,깃,375
886,짬,374
887,빤,371
888,측,370
889,혔,369
890,꽁,369
891,펴,368
892,앴,368
893,겸,368
894,쿨,367
895,릇,363
896,얀,362
897,쿄,358
898,컷,358
899,팠,356
900,끈,355
901,렴,354
902,잊,352
903,덤,350
904,갤,342
905,븐,340
906,흡,337
907,덮,337
908,씹,335
909,뽀,335
910,뚝,335
911,갚,335
912,찔,334
913,댔,333
914,혁,332
915,띠,328
916,벼,327
917,얇,324
918,뺐,324
919,팝,323
920,잇,322
921,왼,322
922,낚,321
923,칙,316
924,겉,316
925,뜯,313
926,닦,312
927,짠,311
928,썹,310
929,뷔,310
930,묶,310
931,꾼,306
932,빅,305
933,땄,305
934,캡,304
935,묘,304
936,샘,303
937,묵,303
938,a,302
939,쭈,300
940,b,300
941,겪,299
942,둬,298
943,J,298
944,쫄,296
945,랫,296
946,뀐,296
947,흑,295
948,댕,295
949,꽉,295
950,곰,294
951,붕,293
952,땀,292
953,릎,290
954,뽕,289
955,쥐,288
956,렉,287
957,숭,283
958,샐,283
959,v,282
960,렛,281
961,녕,281
962,힙,280
963,쫙,279
964,촉,278
965,쩜,277
966,긋,277
967,샌,276
968,o,275
969,쫓,273
970,쩐,273
971,헷,272
972,X,268
973,웅,267
974,뺏,267
975,쵸,266
976,쪘,266
977,랍,266
978,E,266
979,좁,265
980,앱,265
981,썸,264
982,냅,264
983,펙,263
984,늙,263
985,껌,261
986,n,261
987,e,261
988,랭,260
989,귤,260
990,찢,259
991,닿,259
992,띄,258
993,긁,255
994,귄,253
995,굽,253
996,갓,253
997,캔,252
998,멈,252
999,욱,250
1000,뺄,250
1001,뇌,250
1002,팟,249
1003,쌌,248
1004,룹,248
1005,덥,248
1006,폼,246
1007,톱,244
1008,듬,244
1009,껍,244
1010,흠,243
1011,팍,243
1012,맹,243
1013,쉴,242
1014,썩,240
1015,밟,240
1016,맵,237
1017,돋,236
1018,콤,235
1019,맙,234
1020,뱅,233
1021,쫍,231
1022,윗,229
1023,뜩,229
1024,찝,228
1025,뺀,227
1026,닷,226
1027,넨,226
1028,쌈,225
1029,쩨,224
1030,붓,224
1031,쩡,223
1032,믹,223
1033,잼,221
1034,r,221
1035,쭐,220
1036,엊,219
1037,g,219
1038,췄,217
1039,룩,217
1040,텀,215
1041,쇠,213
1042,숫,212
1043,풋,210
1044,쌩,208
1045,쾌,207
1046,볍,207
1047,뤄,207
1048,겐,207
1049,m,207
1050,펌,206
1051,쪄,206
1052,뻥,206
1053,i,206
1054,뻤,205
1055,k,204
1056,핵,203
1057,셉,200
1058,듀,198
1059,닉,198
1060,략,197
1061,넉,197
1062,딪,196
1063,낯,195
1064,텍,194
1065,뱃,194
1066,멤,194
1067,윈,192
1068,엎,192
1069,뭉,192
1070,젝,191
1071,셜,190
1072,빴,190
1073,룰,190
1074,앗,189
1075,궈,189
1076,윙,188
1077,엥,188
1078,d,185
1079,꼽,183
1080,챔,182
1081,쉐,182
1082,봇,182
1083,푼,180
1084,댁,179
1085,칵,178
1086,뿔,177
1087,뺑,176
1088,탱,175
1089,쿼,174
1090,갱,174
1091,퉁,173
1092,빔,173
1093,썬,172
1094,빽,172
1095,둑,172
1096,헛,169
1097,빗,168
1098,탓,167
1099,륵,165
1100,꼰,165
1101,쎈,163
1102,쥬,162
1103,깡,162
1104,퀄,161
1105,빚,161
1106,즉,160
1107,삿,160
1108,밭,160
1109,u,160
1110,혐,159
1111,햇,159
1112,툭,159
1113,탠,158
1114,샷,158
1115,맣,157
1116,껏,157
1117,핏,156
1118,앵,155
1119,뜰,155
1120,굿,155
1121,U,155
1122,섹,154
1123,펑,153
1124,맻,153
1125,뀔,153
1126,깥,152
1127,뱀,150
1128,뢰,150
1129,껀,150
1130,뉘,149
1131,흉,146
1132,틈,146
1133,쏟,146
1134,훔,143
1135,쇄,142
1136,뎅,142
1137,칩,141
1138,띵,140
1139,푹,139
1140,넥,139
1141,퀘,137
1142,훅,136
1143,융,136
1144,멸,136
1145,냠,136
1146,횟,134
1147,찼,134
1148,Y,134
1149,룬,133
1150,귈,133
1151,H,133
1152,젓,132
1153,쏠,132
1154,숲,132
1155,냬,132
1156,l,132
1157,짰,130
1158,멕,130
1159,뇨,130
1160,팽,128
1161,깼,127
1162,숏,126
1163,굔,125
1164,슐,123
1165,쉰,123
1166,얄,122
1167,뱉,122
1168,렬,122
1169,굶,122
1170,팁,121
1171,츄,121
1172,뭣,121
1173,륙,121
1174,횡,120
1175,옹,119
1176,뻘,117
1177,옵,116
1178,옴,116
1179,얹,116
1180,쑥,116
1181,깄,116
1182,므,115
1183,찡,112
1184,젖,112
1185,꽈,112
1186,틸,111
1187,콕,111
1188,첩,111
1189,똘,111
1190,쿵,110
1191,왤,110
1192,괌,110
1193,밸,109
1194,녜,109
1195,갸,109
1196,펀,108
1197,칫,108
1198,맺,108
1199,탭,107
1200,쁨,106
1201,폈,105
1202,펼,105
1203,첼,105
1204,숱,105
1205,섰,105
1206,킥,104
1207,맑,103
1208,랗,103
1209,펐,102
1210,넛,102
1211,솜,101
1212,벙,101
1213,껑,101
1214,f,101
1215,룡,100
1216,훌,99
1217,x,98
1218,쓱,97
1219,늬,97
1220,곽,97
1221,y,97
1222,욘,96
1223,돔,96
1224,겄,96
1225,텝,95
1226,훠,94
1227,텅,94
1228,씌,94
1229,꺾,94
1230,벚,93
1231,렷,93
1232,귓,93
1233,찹,92
1234,툴,91
1235,깅,91
1236,쭤,90
1237,욜,90
1238,얌,90
1239,짖,89
1240,옳,89
1241,벳,88
1242,뛸,88
1243,깠,88
1244,퍽,87
1245,퀸,87
1246,엮,87
1247,삽,87
1248,겟,87
1249,왓,86
1250,댈,86
1251,샴,85
1252,뻗,85
1253,됨,84
1254,얜,83
1255,굵,83
1256,눕,82
1257,갇,82
1258,셰,81
1259,늫,81
1260,텨,80
1261,숍,80
1262,뻑,80
1263,됩,80
1264,잎,79
1265,뭇,79
1266,퐁,78
1267,팸,78
1268,쯔,78
1269,넜,78
1270,깍,78
1271,쌔,77
1272,셈,77
1273,읍,76
1274,픔,75
1275,펫,75
1276,콧,75
1277,얗,75
1278,눅,75
1279,j,74
1280,쬐,73
1281,렙,73
1282,닙,73
1283,슥,72
1284,흙,71
1285,쭝,71
1286,짭,71
1287,샹,71
1288,릏,71
1289,럿,71
1290,덧,71
1291,즙,70
1292,늑,70
1293,괄,70
1294,킷,68
1295,쿡,68
1296,캉,68
1297,둡,68
1298,톨,67
1299,엣,67
1300,숟,67
1301,낑,67
1302,펭,66
1303,왁,66
1304,쏴,66
1305,쏙,66
1306,봅,66
1307,멧,66
1308,줏,65
1309,뵈,65
1310,쫑,64
1311,륨,64
1312,h,64
1313,펄,63
1314,짼,63
1315,짚,63
1316,껐,63
1317,겜,63
1318,싯,62
1319,붐,62
1320,렐,62
1321,돗,62
1322,팥,61
1323,웰,61
1324,륜,61
1325,잣,60
1326,슝,60
1327,붉,60
1328,윽,59
1329,삘,59
1330,딲,59
1331,갯,58
1332,횐,57
1333,헨,57
1334,캘,57
1335,쩰,57
1336,뤘,57
1337,랴,57
1338,껜,57
1339,펠,56
1340,킵,56
1341,컹,56
1342,렘,56
1343,뛴,56
1344,헝,55
1345,씽,55
1346,뮬,55
1347,젯,54
1348,샜,54
1349,뿜,54
1350,뒹,54
1351,뎌,54
1352,깬,54
1353,챠,53
1354,왈,53
1355,뾰,53
1356,뚤,53
1357,꾹,53
1358,갛,53
1359,잌,52
1360,엿,52
1361,솥,52
1362,벡,52
1363,룻,52
1364,꿍,52
1365,곈,52
1366,팜,51
1367,튕,51
1368,컥,51
1369,첸,51
1370,줍,51
1371,섀,51
1372,몫,51
1373,뜸,51
1374,깁,51
1375,핬,50
1376,쭘,50
1377,쌰,50
1378,넬,50
1379,큘,49
1380,쾅,49
1381,캄,48
1382,괘,48
1383,쟀,47
1384,윌,47
1385,엌,47
1386,앓,47
1387,씁,47
1388,륭,47
1389,W,47
1390,쑤,46
1391,삥,46
1392,돕,46
1393,깰,46
1394,핍,45
1395,텃,45
1396,슛,45
1397,맸,45
1398,롬,45
1399,갭,45
1400,얽,44
1401,쏭,44
1402,랠,44
1403,겔,44
1404,Q,44
1405,핥,43
1406,킴,43
1407,읏,43
1408,앚,43
1409,숯,43
1410,밋,43
1411,뽐,42
1412,뻣,42
1413,눴,42
1414,잭,41
1415,뽈,41
1416,뗐,41
1417,꽝,41
1418,훑,40
1419,캥,40
1420,쫀,40
1421,뵙,40
1422,홋,39
1423,펍,39
1424,뺨,39
1425,됬,39
1426,끽,39
1427,빕,38
1428,밉,38
1429,꿋,38
1430,헉,37
1431,캣,37
1432,촘,37
1433,셌,37
1434,삔,37
1435,삑,37
1436,뽂,37
1437,뮌,37
1438,뗄,37
1439,텼,36
1440,탬,36
1441,쨍,36
1442,웜,36
1443,앰,36
1444,맴,36
1445,띡,36
1446,꿇,36
1447,걀,36
1448,흩,35
1449,쥴,35
1450,씸,35
1451,낡,35
1452,곁,35
1453,휙,34
1454,쿤,34
1455,켄,34
1456,츤,34
1457,얕,34
1458,썪,34
1459,둠,34
1460,촛,33
1461,챌,33
1462,죙,33
1463,쟈,33
1464,잰,33
1465,뵀,33
1466,w,33
1467,푠,32
1468,폿,32
1469,쨈,32
1470,밲,32
1471,랖,32
1472,떵,32
1473,찻,31
1474,옇,31
1475,뽁,31
1476,둣,31
1477,닳,31
1478,긱,31
1479,곶,31
1480,휠,30
1481,춧,30
1482,쐈,30
1483,썽,30
1484,뼛,29
1485,떳,29
1486,굘,29
1487,훗,28
1488,퀵,28
1489,봬,28
1490,릅,28
1491,꺠,28
1492,슉,27
1493,눔,27
1494,끙,27
1495,궐,27
1496,2,27
1497,촥,26
1498,젬,26
1499,솟,26
1500,맷,26
1501,룐,26
1502,뎃,26
1503,깽,26
1504,툼,25
1505,쎌,25
1506,쉼,25
1507,쉘,25
1508,숑,25
1509,뎀,25
1510,냔,25
1511,쫘,24
1512,쎘,24
1513,싣,24
1514,섣,24
1515,샾,24
1516,맬,24
1517,뗀,24
1518,꾀,24
1519,헹,23
1520,햐,23
1521,톰,23
1522,췌,23
1523,챈,23
1524,봔,23
1525,밧,23
1526,맏,23
1527,딥,23
1528,늠,23
1529,낵,23
1530,낱,23
1531,꺄,23
1532,갬,23
1533,훼,22
1534,핼,22
1535,튠,22
1536,웩,22
1537,쏜,22
1538,뿅,22
1539,빰,22
1540,딤,22
1541,꿉,22
1542,걜,22
1543,1,22
1544,짙,21
1545,얍,21
1546,샛,21
1547,뗘,21
1548,듭,21
1549,챘,20
1550,쯧,20
1551,짹,20
1552,잦,20
1553,옐,20
1554,빳,20
1555,몹,20
1556,몄,20
1557,똔,20
1558,딧,20
1559,놉,20
1560,궜,20
1561,굼,20
1562,헥,19
1563,캬,19
1564,챕,19
1565,쟨,19
1566,멓,19
1567,똠,19
1568,댐,19
1569,텁,18
1570,켈,18
1571,첵,18
1572,숄,18
1573,띨,18
1574,듦,18
1575,궤,18
1576,곗,18
1577,튈,17
1578,좆,17
1579,윷,17
1580,옅,17
1581,얏,17
1582,믈,17
1583,룽,17
1584,띃,17
1585,딕,17
1586,뎁,17
1587,닛,17
1588,냑,17
1589,겅,17
1590,휩,16
1591,팎,16
1592,틋,16
1593,콸,16
1594,콥,16
1595,잴,16
1596,웁,16
1597,슘,16
1598,멱,16
1599,랏,16
1600,떄,16
1601,뒨,16
1602,꿰,16
1603,깻,16
1604,긌,16
1605,젼,15
1606,윰,15
1607,웍,15
1608,앳,15
1609,샬,15
1610,샥,15
1611,볕,15
1612,멩,15
1613,넹,15
1614,넙,15
1615,끕,15
1616,휜,14
1617,텄,14
1618,쫒,14
1619,쩝,14
1620,쨋,14
1621,윳,14
1622,쉭,14
1623,쇽,14
1624,셧,14
1625,뵐,14
1626,땔,14
1627,덱,14
1628,댑,14
1629,꺽,14
1630,곪,14
1631,켔,13
1632,츰,13
1633,읜,13
1634,쑈,13
1635,볐,13
1636,및,13
1637,롷,13
1638,딛,13
1639,냇,13
1640,3,13
1641,혓,12
1642,팻,12
1643,팰,12
1644,킁,12
1645,촤,12
1646,쨰,12
1647,잿,12
1648,옌,12
1649,쐬,12
1650,쌋,12
1651,슁,12
1652,쉑,12
1653,빢,12
1654,뵌,12
1655,뭄,12
1656,묽,12
1657,뎠,12
1658,늪,12
1659,뇽,12
1660,훤,11
1661,횔,11
1662,홧,11
1663,햅,11
1664,푯,11
1665,팼,11
1666,탯,11
1667,탤,11
1668,큭,11
1669,짢,11
1670,읊,11
1671,롸,11
1672,띤,11
1673,놋,11
1674,넴,11
1675,귿,11
1676,q,11
1677,휑,10
1678,퓸,10
1679,튿,10
1680,튄,10
1681,촐,10
1682,쭌,10
1683,짊,10
1684,숴,10
1685,숀,10
1686,뿡,10
1687,뻬,10
1688,렜,10
1689,뗬,10
1690,늄,10
1691,끍,10
1692,곌,10
1693,갰,10
1694,폄,9
1695,콰,9
1696,캇,9
1697,캅,9
1698,늉,9
1699,뉜,9
1700,큔,8
1701,콱,8
1702,켠,8
1703,쳔,8
1704,쳇,8
1705,읔,8
1706,읎,8
1707,욤,8
1708,뼘,8
1709,롹,8
1710,렝,8
1711,뚠,8
1712,땋,8
1713,덨,8
1714,넵,8
1715,넝,8
1716,넋,8
1717,꿩,8
1718,꼿,8
1719,깟,8
1720,곯,8
1721,4,8
1722,힝,7
1723,헀,7
1724,푤,7
1725,쿱,7
1726,캤,7
1727,챗,7
1728,쯩,7
1729,쮸,7
1730,읗,7
1731,윅,7
1732,얠,7
1733,씰,7
1734,썅,7
1735,쌜,7
1736,쌉,7
1737,슌,7
1738,쉿,7
1739,쇳,7
1740,셍,7
1741,뿍,7
1742,뼌,7
1743,뺌,7
1744,밈,7
1745,룟,7
1746,룔,7
1747,뜀,7
1748,끅,7
1749,꾜,7
1750,겡,7
1751,Z,7
1752,횰,6
1753,헴,6
1754,핌,6
1755,펩,6
1756,펨,6
1757,켸,6
1758,쩠,6
1759,잽,6
1760,엡,6
1761,앝,6
1762,쓕,6
1763,썜,6
1764,쌘,6
1765,삣,6
1766,빻,6
1767,몀,6
1768,뤼,6
1769,롄,6
1770,떫,6
1771,덫,6
1772,뉸,6
1773,꽥,6
1774,궂,6
1775,괭,6
1776,0,6
1777,힉,5
1778,휸,5
1779,퓰,5
1780,퉤,5
1781,퀭,5
1782,켐,5
1783,췻,5
1784,챡,5
1785,쨀,5
1786,젱,5
1787,읒,5
1788,웡,5
1789,옙,5
1790,얬,5
1791,앎,5
1792,씼,5
1793,쑨,5
1794,쐐,5
1795,쌨,5
1796,쉈,5
1797,숩,5
1798,셤,5
1799,삠,5
1800,뱄,5
1801,뭥,5
1802,멨,5
1803,먀,5
1804,랒,5
1805,땟,5
1806,땁,5
1807,뉠,5
1808,꽌,5
1809,귐,5
1810,굥,5
1811,굣,5
1812,겋,5
1813,8,5
1814,5,5
1815,훙,4
1816,혠,4
1817,폔,4
1818,튬,4
1819,퉜,4
1820,탉,4
1821,큽,4
1822,퀀,4
1823,쿰,4
1824,켤,4
1825,켕,4
1826,칡,4
1827,쯘,4
1828,짯,4
1829,짔,4
1830,쥔,4
1831,줜,4
1832,죗,4
1833,욧,4
1834,쒸,4
1835,쏼,4
1836,쌂,4
1837,셴,4
1838,샨,4
1839,뽜,4
1840,뻠,4
1841,빝,4
1842,봥,4
1843,뫼,4
1844,맜,4
1845,맀,4
1846,뤠,4
1847,띌,4
1848,띈,4
1849,뛌,4
1850,뚸,4
1851,떽,4
1852,떰,4
1853,떈,4
1854,땍,4
1855,돠,4
1856,뎄,4
1857,늣,4
1858,뇸,4
1859,놥,4
1860,녈,4
1861,넒,4
1862,낏,4
1863,갉,4
1864,z,4
1865,힛,3
1866,휀,3
1867,헙,3
1868,픗,3
1869,퐈,3
1870,팹,3
1871,틔,3
1872,퇸,3
1873,텟,3
1874,탰,3
1875,퀼,3
1876,칬,3
1877,췰,3
1878,쳥,3
1879,챂,3
1880,찧,3
1881,쭙,3
1882,쬬,3
1883,쩄,3
1884,쨉,3
1885,줴,3
1886,죵,3
1887,좍,3
1888,좃,3
1889,읐,3
1890,읃,3
1891,웟,3
1892,왯,3
1893,옭,3
1894,씅,3
1895,쒀,3
1896,쑹,3
1897,쏵,3
1898,쎔,3
1899,쎅,3
1900,슾,3
1901,쉣,3
1902,솨,3
1903,셸,3
1904,셩,3
1905,삯,3
1906,뿟,3
1907,뾱,3
1908,뽝,3
1909,뻰,3
1910,뵤,3
1911,볏,3
1912,뱌,3
1913,뱁,3
1914,밨,3
1915,밎,3
1916,믐,3
1917,뭡,3
1918,뭠,3
1919,뭍,3
1920,묭,3
1921,뫠,3
1922,멏,3
1923,멎,3
1924,맽,3
1925,뙤,3
1926,떔,3
1927,땃,3
1928,덷,3
1929,댜,3
1930,늰,3
1931,놘,3
1932,냘,3
1933,뀜,3
1934,꽹,3
1935,꽐,3
1936,꼇,3
1937,껸,3
1938,껨,3
1939,꺅,3
1940,곘,3
1941,겝,3
1942,흣,2
1943,흝,2
1944,흄,2
1945,헸,2
1946,헜,2
1947,햘,2
1948,햑,2
1949,핟,2
1950,픙,2
1951,픕,2
1952,푀,2
1953,퐉,2
1954,틑,2
1955,틍,2
1956,큣,2
1957,퀏,2
1958,콴,2
1959,켁,2
1960,칟,2
1961,츳,2
1962,츨,2
1963,츈,2
1964,쵝,2
1965,촙,2
1966,찦,2
1967,찟,2
1968,쭁,2
1969,쫏,2
1970,쩬,2
1971,쩧,2
1972,짆,2
1973,쥰,2
1974,쥘,2
1975,좐,2
1976,졍,2
1977,쟝,2
1978,잧,2
1979,잍,2
1980,욍,2
1981,왬,2
1982,옫,2
1983,옜,2
1984,옉,2
1985,엤,2
1986,얐,2
1987,얉,2
1988,쒯,2
1989,쑐,2
1990,쏸,2
1991,썻,2
1992,쌕,2
1993,싷,2
1994,솝,2
1995,솎,2
1996,샅,2
1997,삻,2
1998,쁩,2
1999,빘,2
2000,뷸,2
2001,뷴,2
2002,봽,2
2003,봈,2
2004,볌,2
2005,벋,2
2006,믕,2
2007,뮴,2
2008,뭬,2
2009,뭑,2
2010,묜,2
2011,맇,2
2012,릈,2
2013,륑,2
2014,랮,2
2015,랟,2
2016,띔,2
2017,떱,2
2018,듈,2
2019,됴,2
2020,됫,2
2021,됙,2
2022,됑,2
2023,댤,2
2024,닯,2
2025,늗,2
2026,뉩,2
2027,눟,2
2028,눗,2
2029,넚,2
2030,냡,2
2031,낢,2
2032,꾿,2
2033,꼳,2
2034,꼄,2
2035,겊,2
2036,갼,2
2037,6,2
